iter	Logloss
0	0.6930809779
1	0.6930248412
2	0.6929779814
3	0.6929288967
